rsid	Chromosome	Position	pvalue
19:45411941	19	45411941	8.44776e-54
19:45422846	19	45422846	3.59945e-49
19:45422160	19	45422160	3.76121e-49
19:45422946	19	45422946	4.32746e-49
19:45392254	19	45392254	1.98907e-43
19:45410002	19	45410002	3.90386e-43
19:45415713	19	45415713	1.24149e-42
19:45415935	19	45415935	1.35163e-42
19:45421254	19	45421254	1.99598e-39
19:45428234	19	45428234	4.19997e-39
19:45427125	19	45427125	4.51874e-39
19:45395714	19	45395714	1.76127e-36
19:45396665	19	45396665	1.83437e-36
19:45396219	19	45396219	3.20115e-36
19:45394969	19	45394969	4.41111e-36
19:45390333	19	45390333	1.45804e-35
19:45416178	19	45416178	1.48035e-33
19:45387459	19	45387459	3.03352e-33
19:45395909	19	45395909	3.28394e-33
19:45387596	19	45387596	3.3437e-33
19:45416741	19	45416741	3.78397e-33
19:45396144	19	45396144	3.97216e-33
19:45418790	19	45418790	3.99134e-33
19:45395619	19	45395619	4.93411e-33
19:45394336	19	45394336	2.17669e-32
19:45388130	19	45388130	4.07964e-32
19:45406673	19	45406673	8.82105e-30
19:45413576	19	45413576	1.37054e-24
2:80875560	2	80875560	4.02303e-24
3:116118771	3	116118771	4.46735e-24
19:45395844	19	45395844	2.56186e-22
10:5954347	10	5954347	2.0706e-21
8:39959036	8	39959036	2.15393e-21
19:2882669	19	2882669	9.51983e-19
14:86520500	14	86520500	1.80678e-18
21:42514503	21	42514503	2.79093e-18
5:65381474	5	65381474	5.39299e-18
5:158020841	5	158020841	6.83886e-18
2:238844354	2	238844354	9.4318e-18
7:49243952	7	49243952	1.03819e-17
4:88040799	4	88040799	2.39626e-17
14:31245596	14	31245596	2.7591e-17
7:120263620	7	120263620	7.14158e-17
1:225077930	1	225077930	8.3774e-17
13:24937318	13	24937318	1.01644e-16
3:63132366	3	63132366	1.64505e-16
2:130059627	2	130059627	1.82956e-16
1:38423171	1	38423171	4.1896e-16
5:127961662	5	127961662	4.50366e-16
19:45425460	19	45425460	6.71472e-16
